num_nodes_in_hl,batch_size,learning_rate,final_acc
0,100,0.01,8.625632251189458
0,100,0.05,15.801401834091285
